{"cameraMode":{"drawMode":0,"name":"Shaded","section":"Shading Mode"},"sceneLighting":false,"audioPlay":false,"sceneViewState":{"m_AlwaysRefresh":false,"showFog":false,"showSkybox":false,"showFlares":false,"showImageEffects":false,"showParticleSystems":false,"showVisualEffectGraphs":true,"m_FxEnabled":true},"in2DMode":false,"pivot":{"x":-1.0513156652450562,"y":1.6992740631103516,"z":-0.47729724645614626},"rotation":{"x":0.01826423779129982,"y":0.9805890917778015,"z":0.11196646839380264,"w":-0.15995636582374574},"size":0.5587538480758667,"orthographic":false}