{"cameraMode":{"drawMode":0,"name":"Shaded","section":"Shading Mode"},"sceneLighting":true,"audioPlay":false,"sceneViewState":{"m_AlwaysRefresh":false,"showFog":true,"showSkybox":true,"showFlares":true,"showImageEffects":true,"showParticleSystems":true,"showVisualEffectGraphs":true,"m_FxEnabled":true},"in2DMode":false,"pivot":{"x":0.4336667060852051,"y":0.9113008379936218,"z":-0.08591866493225098},"rotation":{"x":0.17857271432876588,"y":-0.04072459414601326,"z":-0.007397993467748165,"w":-0.9830605983734131},"size":1.2593744993209839,"orthographic":false}