{"cameraMode":{"drawMode":0,"name":"Shaded","section":"Shading Mode"},"sceneLighting":true,"audioPlay":false,"sceneViewState":{"m_AlwaysRefresh":false,"showFog":true,"showSkybox":true,"showFlares":true,"showImageEffects":true,"showParticleSystems":true,"showVisualEffectGraphs":true,"m_FxEnabled":true},"in2DMode":false,"pivot":{"x":-0.003600895404815674,"y":0.9131459593772888,"z":0.0033708959817886354},"rotation":{"x":0.04648079350590706,"y":-0.010488420724868775,"z":0.0004879426851402968,"w":0.9988662004470825},"size":1.1158311367034913,"orthographic":false}