{"cameraMode":{"drawMode":0,"name":"Shaded","section":"Shading Mode"},"sceneLighting":true,"audioPlay":false,"sceneViewState":{"m_AlwaysRefresh":false,"showFog":true,"showSkybox":true,"showFlares":true,"showImageEffects":true,"showParticleSystems":true,"showVisualEffectGraphs":true,"m_FxEnabled":true},"in2DMode":false,"pivot":{"x":-0.00009740889072418213,"y":1.3654121160507203,"z":-0.010796844959259034},"rotation":{"x":-0.20857428014278413,"y":0.041646167635917667,"z":-0.008891327306628228,"w":-0.9770846366882324},"size":1.9268401861190797,"orthographic":false}